,TTT,TTC,TTA,TTG,TCT,TCC,TCA,TCG,TAT,TAC,TGT,TGC,TGG,CTT,CTC,CTA,CTG,CCT,CCC,CCA,CCG,CAT,CAC,CAA,CAG,CGT,CGC,CGA,CGG,ATT,ATC,ATA,ACT,ACC,ACA,ACG,AAT,AAC,AAA,AAG,AGT,AGC,AGA,AGG,GTT,GTC,GTA,GTG,GCT,GCC,GCA,GCG,GAT,GAC,GAA,GAG,GGT,GGC,GGA,GGG
BLCA,0.6786305639006143,1.0,2.8670813842557554,1.7414939544998547,0.5454479274470473,0.3327883995762331,0.8132457845800883,2.676789319363369,0.729801895675819,1.0,0.7028617114778443,1.0,1.0,0.4740779166962122,0.1842509662248022,2.3407395329528926,1.0,0.34846807542620273,0.24557238176687154,1.3048271542593484,2.049718531395366,0.7810844615119739,1.0,2.4155330018676793,0.9899730472721718,1.197663823739539,0.26867424656287475,0.9631875006734966,0.6614427613989298,0.7338424937081033,0.37986359415254767,4.360023787936782,1.0466812225232407,0.31655760623266344,1.468497767147199,2.3869816480847406,0.6979351171905492,1.0,1.499394234857684,0.983669036963008,0.7592332278402774,0.8342986941160045,0.42625878876193046,1.201414814273631,0.4843888481138298,0.17322805344399395,4.936524939532572,0.6275198621331455,1.4926333434017205,0.47360327950647024,1.8802923707335242,2.269181074208066,0.6180622249718428,1.0,1.4227928713664741,0.998863517443282,0.6249554151282474,0.6399641140726747,1.2423117845418217,1.5995140783715651
BRCA,0.5605191555952955,1.0029337005701982,2.0544733351933533,1.2340856191890657,0.3189126072272074,0.1961178644224644,0.8709935889735478,3.6029788254266792,0.6116863589253833,1.0000205945547271,0.6167011156757115,1.0006818363654195,1.0,0.25577074727588206,0.10621599777003837,2.738798827579446,0.9971113824764857,0.22496777919151234,0.16289246774840926,1.1136420147167614,2.1859430869246617,0.658455146658004,1.0,1.6285835808138558,1.0,0.9562545675023651,0.2548639492396939,0.7888771013289749,0.6441921300140174,0.9579608084595032,0.6669013247128692,3.091934484288415,0.8670956104535218,0.31919057049544564,0.9953977264564592,3.1350024377260826,0.5728730648672273,1.0028384796215648,1.1767060864708252,0.9953991259745649,0.6926437792329787,0.9279632970038302,0.344693767255622,1.1356060246507271,0.42270069491641243,0.18667369676486478,3.9226851866275014,0.6407397895725808,1.2278946250937397,0.455046420468524,1.544972846522972,2.782136040558683,0.5162533385195791,1.0243713127339469,1.0518191411692601,0.9879491488322834,0.503492876381755,0.595728827426866,1.1676507494461943,1.4761603283859863
CESC,0.6744681483312515,1.0,2.774682827238405,1.439144878272508,0.19866892261170854,0.08184141669235737,1.1650658848856916,4.063921638406223,0.7135203239769844,1.0,0.7000342590763207,1.0,1.0,0.19097018357498644,0.06128622508571716,2.7321611558804806,1.0,0.115808300760408,0.06897528820875941,1.3147784075401772,2.12241855554553,0.7706824517206197,1.0,2.206824927491603,1.0,1.0850490213757094,0.26177112075889575,0.8367906938965366,0.5926859338364602,0.6555385495702789,0.4017090930897031,4.241932052510561,1.008587770224314,0.3152758839419031,1.471393443899318,2.214428216494164,0.6764250779713077,1.0,1.6202867046501093,0.9139684335647691,0.8435920172654132,0.957493630598534,0.35653505828910964,1.2094571394913125,0.4484061005127615,0.16048121149880482,4.852419332283561,0.6765225794763225,1.3415089928576458,0.460132819218093,1.9202338972838446,2.852075950931397,0.5984937476353918,1.0,1.3023293597676522,1.0,0.7819196006326878,0.8571608909100407,1.196212892863273,1.6562345762841657
CHOL,0.5173745103688954,1.006523852870234,3.6610808852744503,1.5939734087634654,0.15909320937592883,0.0799326484102932,1.0356132297316591,2.88070355900653,0.5651569551421255,1.0,0.6685484956897757,1.0,1.0,0.16693155006461968,0.06755186030696586,2.5211402624896326,0.918570328218585,0.11837861678022252,0.08240803108968807,1.1911426411080481,2.2110242820125006,0.5824969328043835,1.0,1.5201725380234534,1.0,1.4424770121755268,0.40846618545871355,1.0172947338753089,0.9864909876648211,0.46336884817406954,0.36557794453888676,3.351438204946255,0.527137358246005,0.17184156216487234,1.310902801147003,3.517378374110456,0.5616619877502483,1.0,1.170340529855607,0.8636627659280113,0.6383997469897704,0.8502035705146358,0.9704079140361503,1.178977169623343,1.9220219613241234,0.8046029505945631,3.594171410187041,0.7175642689828031,0.822835446273081,0.35848071506878804,1.5458798912965341,3.660399622788886,0.5142582522311656,1.021353695799959,0.9361034176241678,0.9964731267665541,0.5271368827604098,0.5260765838166056,0.9426474230659551,1.4367850684098846
COAD,0.6661236683713037,1.0,3.30763794461225,1.7797316660653575,0.5774652501579625,0.3404283474173041,1.1853282250698471,3.07444283817408,0.708369610462936,1.0,0.7338933257784191,1.0,1.0,0.3004774664248841,0.09294495142116092,2.2381181302789885,1.0,0.12263808778236474,0.05351804673580659,1.2806802759209088,2.3432507332317067,0.7554640336843261,1.0,2.535584082732063,0.9966983844266164,1.0955864870279746,0.24756513455182325,0.7956526223881495,0.9758482264207988,1.4854456628698487,0.7948532917002427,2.8592858536514534,1.7382175850470094,0.5,1.0011326853371065,1.6870477161648625,0.6834132187903096,1.0,1.3668470676678581,1.0,0.7861882505375952,0.8513077911361668,0.4924949990902008,1.0241368377669853,1.7457082338901262,0.5920550019390715,4.610991122050794,0.5725901719544195,1.557514825394068,0.5025984179446334,1.3439063876780135,1.9641941846918018,0.6382386809287671,1.0,0.8763526713930039,1.0,0.8952228999837555,0.8090548908126549,1.2849187064869807,1.5965674676519561
ESCA,0.688854878480031,1.0,4.677285088523619,1.8165330255303525,0.26582083859709077,0.12429038427952298,1.4264465146344762,5.305361497179657,0.8449519693665156,1.0,0.8780899696655596,1.0,1.0,0.5313509141561058,0.18854499018245355,3.651072547625542,0.9928333424560328,0.385743568367615,0.23114237597853066,1.425248700710739,2.7142854295252095,0.7859947210317992,1.0,2.270275955973366,1.0,0.8524359096088223,0.19055625755802003,1.3422509609109625,0.849972993679844,1.5510428537150607,0.822994030912395,3.8239260529889414,1.0686570308308825,0.2756048751779543,1.6923875194087117,3.748235736854809,0.7975060966356884,1.0,1.6676430693874973,0.8302440693062821,0.7770423820237058,0.7923009748490853,0.4661772429961903,1.144079523679333,1.072961382096151,0.3349033289801443,4.916452741671042,0.694037841354167,1.377368434913679,0.4017111397174533,2.2273358378805868,3.2255341779312654,0.6115099438884573,1.0,1.3690981484503544,1.0,0.7395800308592643,0.6283574948165501,1.4660812313847222,1.8859054379507427
GBM,0.6356171927569055,1.0,6.471916310042898,2.618421795848124,0.1359610894670254,0.06366628984644329,1.5165485529273695,3.4783575749550395,0.6947922414705641,1.0,0.6888519169923015,1.0,1.0,0.21672370523790224,0.06877226503229975,3.0524866833537865,0.7854316229530416,0.19394016605280012,0.10651655585303968,1.2570813200896243,2.0135107837386297,0.7597713326619883,1.0,1.8606548267120604,1.0,0.6288337988397167,0.13581595071233776,0.6748466963520021,0.38183641417638203,1.1511433911804303,0.8170356979336626,3.902990937737054,0.786586765424963,0.24279023914187908,1.387643043262205,2.312929099416557,0.667594741007204,1.0,1.544880117938309,0.8267989280062068,0.6281918951359499,0.7156987258491192,1.3292267904870592,1.124249156677001,0.8155448368923193,0.2874949222417584,4.514107122236602,0.6143502101429593,1.565690908342657,0.49749708210886945,1.8222686519929672,3.1002828424735163,0.6035946783797057,1.0,1.137451074157274,1.0,1.010842508971794,0.8973738978142297,0.8951170443644311,1.0861389775979498
HNSC,0.6193041384872248,1.0,3.0655174779924947,1.7780276162648505,0.17648110424815724,0.08511662460150916,0.8408967686666319,3.191853969636911,0.6633361794213241,1.0013000126442526,0.6603413867009369,1.0,1.0,0.25120512512138043,0.08032350073164354,3.286241301864317,0.9947465044644714,0.07935452131146122,0.04427756955291941,1.1498161680832382,2.2223386765896924,0.7320975376779931,1.0018007985587787,2.0440001458494823,0.9980607570133612,0.856809516111997,0.1937718241407297,0.8119767780011335,0.5751010487597061,0.7556473529365484,0.416689384418277,4.030370259868865,0.9966056876807355,0.31228922469994025,1.390706755843942,3.098553014698409,0.7019504651600154,1.000070459903965,1.3885624694088226,0.995604083570182,0.8405861096126961,0.9438686668081249,0.46445431997964015,1.124093123778084,0.39814526060216693,0.1492870635530716,4.655038072051095,0.6828677278092713,1.3622754270887303,0.44422326636583337,1.809686536217991,3.241946488508438,0.5907807761656819,1.0,1.3918434134313034,0.9695891017536664,0.8452341545591453,0.9126735689096916,0.9626900630555528,1.4574777663637348
KICH,0.5815468690606396,1.0,4.894960950176078,1.9176257984350724,0.31024143729948706,0.19256301380567492,1.278131996622077,3.1439579231491335,0.6497548528889133,1.0,0.7119458445654302,1.0,1.0,0.15027436310081443,0.05492059937174999,1.945815677254194,0.6303427507103707,0.17064604971218972,0.11998429429505873,1.1641426699158524,1.7643097120522186,0.6974966075185715,1.0,2.135809704567997,1.0,1.6149657963874462,0.3951747279714728,1.0396940406185988,0.799503476793929,0.5746885885343549,0.4059016641944495,3.4114303294649284,0.5136845068485577,0.1778078473875263,1.2798017768943624,2.7614978648702,0.610906229646377,1.0,1.0783698212199688,0.9961058276825713,0.6536968047437656,0.8173773419061319,0.846027445517737,1.1497745950019433,0.568731870710696,0.22406148469738424,4.133076438255661,0.6186934345686019,1.1480091520544298,0.3983672929698713,1.7307717258750976,3.4139309697378315,0.5513988413314511,1.0004443553964315,1.1649758880069292,0.9858777726812104,0.6707030691625236,0.6792429948756952,1.0725797315453711,1.496293616564292
KIRC,0.546747623375407,1.0010257867186265,4.236058540207966,1.6637870632706528,0.2148365149372947,0.13484814310237098,1.3573813337633813,3.8725494332702333,0.6104193312520505,1.0,0.630124898795357,1.0,1.0,0.18972730299832707,0.07651683157308507,2.505458732209666,0.7999986164525693,0.25780166931283044,0.1968579589710399,1.0946090532648132,1.8355619047954004,0.6508721246236235,1.0,1.8425255455995635,1.0,1.4836677249298584,0.3905575023265058,1.3195226124847501,0.8829545826553555,1.0250729148502298,0.8969264529232265,2.721308787903707,0.47952990545003615,0.177159806918264,0.9227439780263994,3.2137028050025465,0.5694115518228904,1.0008726772408616,1.0874557483614682,0.9984980142069808,0.5746824906303684,0.7701958718431983,0.8202567195468833,1.0958549243413116,0.605163965627872,0.25706203726598587,3.8438396984355583,0.5757475096855762,0.7888147163329319,0.29040710318359014,1.667084914674393,2.737217947155759,0.5185050649402351,1.0063868390102122,1.206516555746117,0.9419426425984894,0.44908381370363465,0.4865339288227653,1.1251014976908038,1.4665078109956555
KIRP,0.5949537499270161,1.0,5.55794786844668,1.988177507188097,0.08940786925411037,0.0436625006397809,1.5012045778023821,3.547633718792909,0.6655856790683521,1.0,0.703550514892433,1.0,1.0,0.15568104659161722,0.052602999012337594,1.9857609551248483,0.6625957805914294,0.07202237360254432,0.040223729562565945,1.187704272881073,1.7685711222293923,0.7138024386985715,1.0,2.264790735307163,1.0,1.503999339806861,0.36330591724814076,1.129069167012723,0.7981469067095058,0.6915325361836205,0.5078298742547916,3.373515244039082,0.5879806165683524,0.19928091967976377,1.2378506503613005,3.0055831250331075,0.6242315787363125,1.0,1.1724711657414773,0.9886497577428427,0.6238367531386285,0.76958996469127,0.8688407993753786,1.1283206423509629,0.67182371037381,0.2573821050136172,4.202484907484189,0.5983831729440326,1.0616057564418355,0.36345500799951047,1.8191124264206666,3.134877861764163,0.5624995110884075,1.0,1.2430053148409541,0.9928413769908497,0.5507985018951108,0.547695462674692,1.0485575858419616,1.4885151415465614
LIHC,0.5367473157444866,1.0038920432228233,4.432139686492222,1.8025538605206683,0.1057470236929561,0.0479604628357107,1.2015605141399384,3.184893056471129,0.5800716823848603,1.0,0.6705550190629418,1.0,1.0,0.131655888954463,0.050485335376117074,1.9619629101132936,0.7840465522229262,0.05777210963198174,0.03058680132850096,1.2035837998397245,2.102510659605738,0.5992956866153726,1.0,1.4621994414344284,1.0,1.3406527432566666,0.3752866921092623,1.1807891236286108,0.9264571435664678,0.49022909914424057,0.3738172785611672,3.3731389575057755,0.6048063240134223,0.1943224675018898,1.1845922309330208,3.7503658132309887,0.5811717944624352,1.0,1.1508265558201278,0.9584685307668381,0.6998222455714259,0.9004290997404263,0.870482239632367,1.1435956949365524,0.9059986003770161,0.36777619630270375,3.7185233759750114,0.6429557877073167,0.9499226566904523,0.40306014704103593,1.609352320561108,3.3251818358399836,0.5225869173352179,1.015112064066551,1.038632556454155,0.9951186988716985,0.39565540858080883,0.39014458361271726,0.9255315244865279,1.457343589724684
LUAD,0.643555522184741,1.0,2.7186640377992357,1.6522018784322168,0.3905995983865083,0.23970318008619498,0.7140603949188118,2.6903346376359054,0.7085530284340941,1.0,0.6879332473545647,1.0,1.0,0.3331114690661967,0.122610025410722,2.2527831599210772,1.0,0.20751534791838128,0.1335149071119901,1.1832959650509882,2.1371207013080804,0.7467256722341971,1.0,2.527191273527314,0.9942976009205363,0.9769189123873685,0.23105955732431388,0.7478731045563711,0.694049574492363,0.8082816334556185,0.4025727906223481,3.309349221221222,1.174265989504304,0.38466219051354117,1.210039838220157,2.0846417614947037,0.6194682039780566,1.0,1.0039225523948427,0.9865489523787175,0.8326313909622334,0.9580917184095052,0.30745632154796426,1.037063920891527,0.32867649803284926,0.1203988138385586,4.477812317012059,0.6270148930816709,1.5240215819390892,0.498167277080474,1.3758744862035996,2.166000592512284,0.576725061866154,1.0,0.9906516975937765,0.9959468035481505,0.6460377744058236,0.6404423492772765,1.168318773890859,1.486919447289711
LUSC,0.63562128653954,1.0,2.3668021771234242,1.478690715211096,0.1490855137765595,0.06664762216543521,0.8357199817652918,3.485480470220987,0.6937083361121533,1.0,0.7075149232914018,1.0,1.0,0.2481902962898707,0.0841734306959135,2.434198924130488,1.0,0.10445303004227743,0.06085191312568338,1.1887555478344642,2.0015094279246246,0.7330117419424979,1.0,1.8229144319649433,1.0,0.9712401844527878,0.23540000043690482,0.7090786483056549,0.5582441719260034,0.866791366197069,0.4504139572013751,3.7162887227964463,1.0775721103095872,0.35771904021157563,1.3371485568938002,2.7917866079625124,0.6275814282169725,1.0,1.3959715809852073,0.9669861408416274,0.8490607391242607,0.9923137624790223,0.2975218267063123,1.0769521298908005,0.4054413831420554,0.15126446813712938,4.37739420272218,0.7184394327888879,1.4802133200816725,0.5018815835321544,1.5169716530246642,2.582209308591216,0.5675889802462398,1.0,1.1240702744651894,0.9978638107525509,0.6121418722646375,0.6314764183121933,0.9781089004209692,1.5014309423493617
PAAD,0.6438782730484881,1.0,4.024505094025151,1.7093743026537322,0.18339224037095242,0.09236817728991027,1.2511211599502705,4.181326210845883,0.6966841030863449,1.0,0.7041654789724383,1.0,1.0,0.19333002060592808,0.06362932423141902,2.5978816692926996,0.9174247839816764,0.12261610484686047,0.07356883802051044,1.2975411737768001,2.4287347421575216,0.7423659571515202,1.0,1.9152064677383154,1.0,1.0963238041078724,0.2921381601846351,0.9249667210563397,0.6753595006125701,1.0998500467201984,0.6807899030330533,3.3288520087863707,0.6720815108285417,0.22260923265783808,1.206316675443898,3.3268058547718513,0.6816284112316753,1.0,1.3722617354558335,0.9512347348903564,0.7914317174464459,0.9298412773486927,0.7441732286133417,1.1581031025424737,1.7157343031788344,0.6425980133617791,4.515892448045147,0.794505895967433,1.327204476610617,0.4887662173905899,1.5424321451953293,2.751597222212172,0.5913247914261676,1.0,1.0492837142316267,1.0,0.5256192158565104,0.6883508943306641,0.9674622134252839,1.533004908370093
PCPG,0.6426949968167852,1.0,6.114924700562851,2.108317210639663,0.39801477629627097,0.2674922944753471,1.0871675889037924,2.54473100907262,0.6875444616487038,1.0,0.6639899042437617,1.0,1.0,0.21223654329792618,0.0698378697234442,3.285865552667907,0.8473819196364716,0.06474479884095904,0.03433768172115661,1.2714019941484964,1.6480577063499102,0.7695797119736411,1.0,2.2380731317644176,1.0,1.2899821636425386,0.30420810400158693,1.0234703479405929,0.6722165132952892,0.7965740563123896,0.6326999075997524,3.6406459151466346,0.3468891447439778,0.10963976243255787,1.4163691772163667,2.705691460104739,0.6321121244281097,1.0,1.5671785725655423,0.860770480946403,0.6550532139603625,0.7702458079294338,1.0872711237613835,1.1364437678144854,0.38655848896066347,0.14338921450744183,4.53969680480489,0.5959660266263065,0.8581042311345028,0.29279476643235397,1.5335531606325288,3.555393099830205,0.6096597514047922,1.0,1.3448176048655474,0.9834329478480296,1.0218287805732635,1.0,0.8147157940581218,1.1421771812560817
PRAD,0.6030091114969386,1.0026280183455667,2.883050764336599,1.616931985812352,0.39759253359678765,0.26698128175636127,0.7149414409131092,2.699264311821062,0.6481724662404659,1.0009879063216394,0.6417185882305585,1.0,1.0,0.33047646163146893,0.1201965172023113,2.5637390495170154,0.9910615469024303,0.3626350531085389,0.28261823452605717,1.1753747627195679,1.876522221981622,0.6832893702657333,1.0331369610529872,1.4199374426108404,1.0075847843225905,1.689147439687579,0.4114145778599973,1.1093930334828732,0.8371118054114367,0.3557678490502107,0.2106271219247114,3.5472320946929448,0.9903304319543557,0.3344611152206217,1.288698510281229,2.65770479363863,0.6222073900817807,1.0114127392396586,1.4157661857929116,0.9379327170945236,0.7775177600876795,0.9948255659890457,0.6936114845979453,1.1411929579146218,0.41033149424979704,0.15916633859035845,4.122036958442936,0.6301111886543752,1.3352705494271027,0.4432584372105851,1.6075035654698488,2.641853175578104,0.5743311818743094,1.0011283305845846,1.3269218471154371,0.9719099952307262,0.49272188812702444,0.4909801898422335,0.9768298622560679,1.55145105052001
READ,0.6840433861376999,1.0,3.813593117288952,2.1060813123990276,0.18903144836015506,0.07288599443147273,1.707918029776147,4.153720465180469,0.7270576058034847,1.0,0.7592643460325054,1.0,1.0,0.3265326445217321,0.10116786595409474,2.4277668706783264,1.0,0.9571946155079925,0.7757189955794809,1.2827124440055382,2.806899317014993,0.8000519618335891,1.0,2.156127565947936,1.0,1.1081656703495484,0.2494653270980638,0.78548795057781,1.0,1.553022978705499,0.7951056545256151,3.0273324664559182,1.8091768168316509,0.5,0.8615357121979628,1.3972140755215459,0.7151375370307735,1.0,1.509799367721236,1.0,0.8737171329913395,0.9564509781006084,0.5033792888856043,0.8909300323783486,0.9417435703617815,0.32250593680519624,4.986849158469124,0.5833216586360331,1.6073056468528724,0.5130431672631024,1.2616309442898488,1.7183761968511928,0.6389228345723391,1.0,1.132739008117742,1.0,0.9475118812133542,0.8580108966273264,1.4142727240341548,1.6680096416698518
SKCM,0.597176723208156,1.0,3.94836235028247,1.93176750592029,0.128616082492277,0.05801893605276679,0.860410673461062,3.14638529238096,0.65391141786808,1.0,0.667305402856469,1.0,1.0,0.40298006209426,0.140910705790193,3.06840097451348,1.0,0.741671686508093,0.677300590403132,1.16712963651137,2.03309009258963,0.692576082766423,1.0,1.55794189629373,1.0,1.82185317565424,0.469146688126061,1.2015526832372,0.748434418461733,1.04324501198889,0.757390852135436,3.67434275036411,1.30891430218751,0.446064303587036,1.32348543890972,3.3879461428116198,0.694548372346943,1.0,1.28857513183563,1.0,0.799602886958646,1.0,0.952222245770735,1.16451264160226,1.02189019858577,0.398741367999656,4.20921081446447,0.704889118775032,1.42141954269256,0.5,1.42772515192877,2.41896902451683,0.552075311571521,1.0,1.04214112321939,1.0,0.764357270848295,0.800158991412368,1.42409998532713,1.47625876779579
STAD,0.6834131153586565,1.0,3.189265094902046,1.567603838458787,0.3212994663920896,0.1572514340193847,1.0568908123031238,3.7040380535386124,0.7546309628057859,1.0,0.7470503140815004,1.0,1.0,0.427411610272495,0.14688260616684218,3.141698972840576,1.0,0.122244081186021,0.05942875925870483,1.3125466433118511,2.089389783126208,0.792897786875235,1.0,2.0290485812289503,1.0,0.8860034024419323,0.19393040367460118,0.9101546506805138,0.6028793974667022,1.0944039801384933,0.5630423034198113,4.067042444753644,0.9383947632071762,0.2655398308719528,1.1044597794378643,2.9015760031607485,0.7412574099289478,1.0,1.3985966590405534,0.9944550621735899,0.8664280012268288,0.9278431197494965,0.4753044910351633,1.17999862465935,0.869680983363276,0.28400838450478416,5.017977769662806,0.6537883315672471,1.5939839354292646,0.4836924530896188,1.7590258076298189,2.474725789594101,0.6366655771712072,1.0,1.273530549689487,1.0,0.6426616994589378,0.5748792718635192,1.301818187301846,1.6366248893516906
THCA,0.6252526474513138,1.0,2.425137674230387,1.3254443904346178,0.09460376477822519,0.048118349217626914,0.7954233248216034,2.68743039630269,0.6904802329376314,1.0,0.5893599663263174,1.0,1.0,0.210605277775347,0.07648697612242736,2.7392506614060403,0.9991051326125091,0.040518206249146586,0.02330980760017538,1.0373729217482839,1.739407949949657,0.7157561803591672,1.0,1.9279627597132747,0.9947502888948339,1.3412849387791035,0.3510906861014801,0.937375940458232,0.7588555761679322,0.2340783389575008,0.1545220282024843,3.473083729389823,0.9403825719717799,0.28557503484912233,1.0833341914516834,2.972816905270805,0.588923606854997,1.0001977420802755,1.1197862233803524,0.9893683015992741,0.7569397892411106,0.987387872647091,0.6366098122882053,1.0459911085159015,0.38228078926838316,0.14464084410438066,4.895261496564376,0.6881744782473629,1.3336450992982103,0.48179151369413287,1.4798244449758389,3.4872746517209543,0.5530517788209953,1.0005470570506934,1.2952475496664615,0.9807299094036347,0.9205068631623248,0.8154462184337359,0.7774218303670449,1.3264148524601762
THYM,0.6060412112952356,1.0,2.616219577471377,1.5287792082542635,0.12349264932202436,0.0534993222034821,0.8790552302204362,3.246316896286298,0.6706579638464235,1.0,0.6898393646013036,1.0,1.0,0.20459769173811446,0.06947690108427468,2.6193561638254543,1.0,0.05198058105744323,0.023395068017645893,1.1893017123920095,2.038331030299708,0.7340939510537013,1.0,1.8937470395541849,1.0,0.9503452413766241,0.23096968324367004,0.7471045334956238,0.5821197549661559,0.619293527395235,0.3618486158235252,3.6506810796655165,0.7872538779515629,0.2618743792441335,1.3669778856173562,2.5741522930136083,0.6723252984772944,1.0,1.348544647899472,1.0,0.8478543949487803,1.0,0.5919296934716693,1.2121958142390592,1.0048579928927934,0.384721543224907,4.343482286321622,0.8786011571552869,1.5086669590226593,0.5,1.4053638094635998,2.7876861396078647,0.5802351646449132,1.0,1.1203377476401073,1.0,0.8189355998285835,0.837927114050863,0.988053046913859,1.123733247452744
UCEC,0.641111240958765,1.0,3.803517337915336,1.6566852345205147,0.20830193706728162,0.10574444509592809,1.0708427760282582,3.221144363141076,0.6938252944444627,1.0,0.7184170785719804,1.0,1.0,0.20305833864698614,0.06825759934875988,2.8034899260463577,0.8848794911509185,0.08827198965835101,0.05483017074085658,1.2717235263361424,1.8648144320543467,0.7552513665053999,1.0,2.239584537362711,0.9956339053408602,1.4069120939344077,0.3371152967528966,0.9843253730559389,0.5718343152753913,0.845970970051849,0.5838450292005791,3.9281588913442826,0.5491555821185459,0.1781724852407764,1.3516084725191455,2.4426749443975577,0.6734576578155725,1.0,1.4995430605014213,0.9269393183309923,0.7066594560465579,0.8199112293761114,0.7544679168466016,1.1674353033517657,0.46401189772341755,0.1730961692357237,4.557763123574611,0.6904566918388426,1.0452579216834637,0.3557639226869732,1.8376844304618554,2.888879691101955,0.5842394350107041,1.0,1.2958398392305954,0.9552709682520893,0.6141378810025939,0.6663513896838819,1.071716734804743,1.4483920940141808
